price_and_EMI,location,sale_location,possesionStatus_and_pricePerSqft
₹13.72 L - 89.96 LEMI starts at ₹7.27 K,Fortune Butterfly City4RERA,"Kadthal,South Hyderabad,Hyderabad",Possession StatusReady to MoveAvg. Price₹833/sq.ft
₹45.39 LEMI starts at ₹24.04 K,Dhruva Suprabhat HeightsRERA,"Bhuvanagiri,Hyderabad","Possession StartsApr, 2022Avg. Price₹1.89 K/sq.ft"
₹70.66 L - 1.04 CrEMI starts at ₹37.42 K,Hallmark PinnacleRERA,"Pati,West Hyderabad,Hyderabad","Possession StartsDec, 2025Avg. Price₹5.50 K/sq.ft"
₹55.79 L - 87.9 LEMI starts at ₹29.54 K,Aravind Balaji DivineRERA,"Quthbullapur,North Hyderabad,Hyderabad","Possession StartsJul, 2026Avg. Price₹5.10 K/sq.ft"
₹1.4 CrEMI starts at ₹69.50 K,Brigade CitadelRERA,"Moti Nagar,Hyderabad","Possession StartsSep, 2025Avg. Price₹8.84 K/sq.ft"
₹18.13 L - 30.22 LEMI starts at ₹9.60 K,Suvarna Saketh,"Mominpet,Hyderabad","Possession StartsJun, 2023Avg. Price₹5.00 K/sq.yd"
₹60.7 L - 1.02 CrEMI starts at ₹32.15 K,Vasavi MetropolisRERA,"Uppal,East Hyderabad,Hyderabad","Possession StartsApr, 2027Avg. Price₹5.70 K/sq.ft"
₹2.07 Cr - 3.22 CrEMI starts at ₹1.03 Lacs,SVS SolitaireRERA,"Narapally,East Hyderabad,Hyderabad","Possession StartsDec, 2023Avg. Price₹7.50 K/sq.ft"
₹33.91 L - 49.55 LEMI starts at ₹17.96 K,Urban TreeRERA,"Isnapur,West Hyderabad,Hyderabad","Possession StartsJun, 2024Avg. Price₹4.00 K/sq.ft"
₹34.2 L - 1.0 CrEMI starts at ₹18.11 K,Tranquil ValleyRERA,"Maheshwaram,South Hyderabad,Hyderabad","Possession StartsJul, 2024Avg. Price₹19.00 K/sq.yd"
₹77.37 L - 1.02 CrEMI starts at ₹38.41 K,Sumadhura Gardens By The BrookRERA,"Shamshabad,South Hyderabad,Hyderabad","Possession StartsSep, 2025Avg. Price₹5.20 K/sq.ft"
₹2.5 Cr - 4.8 CrEMI starts at ₹1.24 Lacs,DSR SSC The ClasseRERA,"Manchirevula,West Hyderabad,Hyderabad","Possession StartsDec, 2025Avg. Price₹9.80 K/sq.ft"
₹49.29 L - 74.73 LEMI starts at ₹26.10 K,Alpine SquareRERA,"Patancheru, Hyderabad","Possession StartsApr, 2023Avg. Price₹5.30 K/sq.ft"
₹86.02 L - 1.92 CrEMI starts at ₹42.71 K,Cybercity WestbrookRERA,"Kokapet,West Hyderabad,Hyderabad","Possession StartsOct, 2026Avg. Price₹8.00 K/sq.ft"
₹46.93 L - 69.01 LEMI starts at ₹24.85 K,Pavan Green West5RERA,"Rudraram,West Hyderabad,Hyderabad","Possession StartsAug, 2021Avg. Price₹23.00 K/sq.yd"
₹65.88 L - 1.44 CrEMI starts at ₹34.89 K,Radha Eco Nest,"Shamirpet,Hyderabad",Possession StatusReady to MoveAvg. PricePrice on request
₹68.21 L - 1.02 CrEMI starts at ₹36.12 K,Risinia The EdgeRERA,"Kukatpally, Hyderabad","Possession StartsJun, 2025Avg. Price₹5.20 K/sq.ft"
₹92.35 L - 95.97 LEMI starts at ₹45.85 K,Sprint S EliteRERA,"Saroornagar,South Hyderabad,Hyderabad","Possession StartsOct, 2022Avg. Price₹6.00 K/sq.ft"
₹70.38 L - 1.34 CrEMI starts at ₹37.27 K,Vasavi Crown EastRERA,"Peerzadiguda,East Hyderabad,Hyderabad","Possession StartsNov, 2027Avg. Price₹5.70 K/sq.ft"
₹59.51 L - 1.5 CrEMI starts at ₹31.51 K,THE BODHIVRIKSHARERA,"Peeramcheru,West Hyderabad,Hyderabad","Possession StartsMar, 2026Avg. Price₹4.60 K/sq.ft"
₹2.1 CrEMI starts at ₹1.04 Lacs,"3 BHK Villa for sale in Bowrampet, Hyderabad","Bowrampet, Hyderabad",Build Up Area2123 sq.ftAvg. Price₹9.89 K/sq.ft
₹20.03 LEMI starts at ₹10.60 K,"Residential Plot for sale in Kadthal, Hyderabad","Fortune Butterfly City, Kadthal, Hyderabad",Plot Area2400 sq.ftAvg. Price₹834/sq.ft
₹70.2 LEMI starts at ₹37.17 K,"3 BHK Flat for sale in Pragathi Nagar, Hyderabad","Pragathi Nagar, Hyderabad",Build Up Area1350 sq.ftAvg. Price₹5.20 K/sq.ft
₹2.85 CrEMI starts at ₹1.42 Lacs,"3 BHK Villa for sale in Sathamrai Village, Hyderabad","Trishala The Village, Sathamrai Colony, Sathamrai Village,Hyderabad",Build Up Area2595 sq.ftAvg. Price₹11.00 K/sq.ft
₹38.41 LEMI starts at ₹20.34 K,"Residential Plot for sale in Rudraram, Hyderabad","Rudraram, Hyderabad",Plot Area167 sq.ydAvg. Price₹23.00 K/sq.yd
₹2.8 CrEMI starts at ₹1.39 Lacs,"3 BHK Flat for sale in Ameerpet, Hyderabad","Unnati, MVR Colony, Ameerpet,Hyderabad",Build Up Area2526 sq.ftAvg. Price₹11.08 K/sq.ft
₹21.75 LEMI starts at ₹11.52 K,"Residential Plot for sale in Veltur, Hyderabad","Sree Bhuvana Sheshadri Avenue, Veltur, Hyderabad",Plot Area1305 sq.ftAvg. Price₹1.67 K/sq.ft
₹89.38 LEMI starts at ₹44.37 K,"3 BHK Flat for sale in Kompally, Hyderabad","Vision Cascade Greens, Satyam Enclave, Kompally,Hyderabad",Build Up Area1625 sq.ftAvg. Price₹5.50 K/sq.ft
₹24.0 CrEMI starts at ₹11.92 Lacs,"4 BHK Villa for sale in Gandipet, Hyderabad","Sri Aditya Casa Grande, Gandipet, Hyderabad",Build Up Area7400 sq.ftAvg. Price₹32.43 K/sq.ft
₹50.0 LEMI starts at ₹26.48 K,"2 BHK Flat for sale in Adibatla, Hyderabad","Shanmukaa,Adibatla, Hyderabad",Build Up Area1252 sq.ftAvg. Price₹3.99 K/sq.ft
₹1.34 CrEMI starts at ₹66.53 K,"3 BHK Flat for sale in Manikonda, Hyderabad","Ambience Courtyard, Tanasha Nagar, Manikonda,Hyderabad",Build Up Area1370 sq.ftAvg. Price₹9.78 K/sq.ft
₹20.0 LEMI starts at ₹10.59 K,"Residential Plot for sale in Kandukur, Hyderabad","dates county,Kandukur, Hyderabad",Plot Area1800 sq.ftAvg. Price₹1.11 K/sq.ft
₹58.28 LEMI starts at ₹30.86 K,"2 BHK Flat for sale in Suchitra, Hyderabad","Suchitra, Hyderabad",Build Up Area1240 sq.ftAvg. Price₹4.70 K/sq.ft
₹45.1 LEMI starts at ₹23.88 K,"2 BHK Flat for sale in Kompally, Hyderabad","Thimu Green Space, Kompally, Hyderabad",Build Up Area1100 sq.ftAvg. Price₹4.10 K/sq.ft
₹14.85 LEMI starts at ₹7.86 K,"Residential Plot for sale in Nakkarta, Hyderabad","Temple Trees Avenue, Nakkarta, Hyderabad",Plot Area165 sq.ydAvg. Price₹9.00 K/sq.yd
₹2.5 CrEMI starts at ₹1.24 Lacs,"3 BHK Flat for sale in Kothaguda, Hyderabad","Alekhya Wind Chimes, Kothaguda, Hyderabad",Build Up Area2350 sq.ftAvg. Price₹10.64 K/sq.ft
₹56.0 LEMI starts at ₹29.66 K,"2 BHK Flat for sale in Aminpur, Hyderabad","JNR Nivaas, Aminpur, Hyderabad",Build Up Area1050 sq.ftAvg. Price₹5.33 K/sq.ft
₹1.8 CrEMI starts at ₹89.36 K,"6 BHK Independent House for sale in Meerpet, Hyderabad","Lenin Nagar, Meerpet,Hyderabad",Build Up Area3575 sq.ftAvg. Price₹5.03 K/sq.ft
₹2.0 CrEMI starts at ₹99.29 K,"3 BHK Flat for sale in Nanakaramguda, Hyderabad","Golf Edge Residencies,Financial District, Nanakaramguda,Hyderabad",Build Up Area2018 sq.ftAvg. Price₹9.91 K/sq.ft
₹2.96 CrEMI starts at ₹1.47 Lacs,"4 BHK Villa for sale in Manneguda, Hyderabad","Siri Sampada Homes Serene,Manneguda, Hyderabad",Build Up Area3825 sq.ftAvg. Price₹7.74 K/sq.ft
